1.93, .
3.86, .
5.79, .
7.71, .
9.64, .
11.57, .
13.5, .
15.43, .
17.36, .
19.28, .
21.21, .
23.14, .
25.07, .
27., .
28.93, .
30.86, .
32.78, .
34.71, .
36.64, .
38.57, .
40.5, .
42.43, .
44.36, .
46.28, .
48.21, .
50.14, -.44446
52.07, -.792
54., -.25322
55.93, -.60211
57.85, -.83877
59.78, -.11437
61.71, -.69952
63.64, -.58098
65.57, -1.22719
67.5, 6.
69.43, 6.
71.35, 6.
73.28, 6.
75.21, 6.
77.14, 6.
79.07, 6.
81., 6.
82.93, 6.
84.85, 6.
86.78, 6.
88.71, 6.
90.64, 6.
92.57, 6.
94.5, 6.
96.42, 6.
98.35, 6.
100.28, 1.2083
102.21, 6.
104.14, 6.
106.07, 6.
108., 6.
109.92, 6.
111.85, 6.
113.78, .28808
115.71, 6.
117.64, 6.
119.57, 6.
121.5, 6.
123.42, 6.
125.35, 6.
127.28, 6.
129.21, 6.
131.14, 6.
133.07, 6.
134.99, 6.
136.92, .86378
138.85, 6.
140.78, 6.
142.71, 6.
144.64, .9837
146.57, 6.
148.49, .50115
150.42, 6.
152.35, .9874
154.28, 6.
156.21, .19405
158.14, 6.
160.07, .52006
161.99, 6.
163.92, .72661
165.85, 6.
167.78, .27286
169.71, .51302
171.64, .12929
173.56, .67642
175.49, .51239
177.42, 1.57704
179.35, .37607
181.28, 6.
183.21, 1.11703
185.14, 6.
187.06, .47993
188.99, .76813
190.92, .55625
192.85, 1.09004
194.78, .579
196.71, .99864
198.64, .46557
200.56, .67481
202.49, .37375
204.42, .45313
206.35, .10276
208.28, .04166
210.21, -.05153
212.13, -.06695
214.06, -.1798
215.99, -.21834
217.92, -.27895
219.85, -.29917
221.78, -.32083
223.71, -.32846
225.63, -.34504
227.56, -.3464
229.49, -.35361
231.42, -.35595
233.35, -.36212
235.28, -.36168
237.21, -.36475
239.13, -.36513
241.06, -.36942
242.99, -.37097
244.92, -.37574
246.85, -.37722
248.78, -.37854
250.7, -.37806
252.63, -.38077
254.56, -.38131
256.49, -.38368
258.42, -.38466
260.35, -.38509
262.28, -.385
264.2, -.38747
266.13, -.38849
268.06, -.39041
269.99, -.39039
271.92, -.39074
273.85, -.39156
275.78, -.39351
277.7, -.39356
279.63, -.39525
281.56, -.39621
283.49, -.39755
285.42, -.39835
287.35, -.39932
289.27, -.39867
291.2, -.40082
293.13, -.4022
295.06, -.40301
296.99, -.40357
298.92, -.40551
300.85, -.40578
302.77, -.40765
304.7, -.40917
306.63, -.41006
308.56, -.41037
310.49, -.41286
312.42, -.41315
314.35, -.41407
316.27, -.41598
318.2, -.41772
320.13, -.41817
322.06, -.42101
323.99, -.42324
325.92, -.42464
327.84, -.42695
329.77, -.43041
331.7, -.43134
333.63, -.4334
335.56, -.43587
337.49, -.4373
339.42, -.43748
341.34, -.43955
343.27, -.4402
345.2, -.44048
347.13, -.44097
349.06, -.44234
350.99, -.44249
352.91, -.44372
354.84, -.44493
356.77, -.44539
358.7, -.44543
360.63, -.44753
362.56, -.44806
364.49, -.44811
366.41, -.44871
368.34, -.45013
370.27, -.44955
372.2, -.45014
374.13, -.45226
376.06, -.45419
377.99, -.4551
379.91, -.45749
381.84, -.45913
383.77, -.45976
385.7, -.45986
387.63, -.46029
389.56, -.45868
391.48, -.45838
393.41, -.45816
395.34, -.45707
397.27, -.45603
399.2, -.45833
401.13, -.46099
403.06, -.46265
404.98, -.46203
406.91, -.46072
408.84, -.45605
410.77, -.45058
412.7, -.44541
414.63, -.44054
416.56, -.43364
418.48, -.42856
420.41, -.42282
422.34, -.41556
424.27, -.40762
426.2, -.40213
428.13, -.39528
430.05, -.38829
431.98, -.38231
433.91, -.37738
435.84, -.37092
437.77, -.36705
439.7, -.3643
441.63, -.36259
443.55, -.36131
445.48, -.3628
447.41, -.36474
449.34, -.36806
451.27, -.37243
453.2, -.37897
455.13, -.38535
457.05, -.39302
458.98, -.4008
460.91, -.40785
462.84, -.41088
464.77, -.41256
466.7, -.41145
468.62, -.40758
470.55, -.40059
472.48, -.39513
474.41, -.392
476.34, -.39393
478.27, -.40094
480.2, -.41148
482.12, -.41925
484.05, -.42417
485.98, -.42475
487.91, -.42073
489.84, -.41076
491.77, -.40002
493.7, -.38992
495.62, -.38185
497.55, -.37544
499.48, -.37255
501.41, -.37103
503.34, -.37178
505.27, -.37254
507.19, -.37536
509.12, -.37818
511.05, -.38181
512.98, -.38634
514.91, -.3918
516.84, -.39315
518.77, -.39314
520.69, -.39189
522.62, -.38933
524.55, -.38527
526.48, -.38268
528.41, -.37976
530.34, -.38033
531.3, -.38364
532.27, -.38646
533.23, -.38707
534.19, -.38977
535.16, -.39154
536.12, -.39229
537.09, -.3957
538.05, -.40135
539.02, -.40605
539.98, -.40885
540.94, -.41209
541.91, -.41594
542.87, -.41981
543.84, -.42304
544.8, -.42808
545.76, -.4328
546.73, -.43544
547.69, -.43868
548.66, -.44212
549.62, -.44525
550.59, -.4483
551.55, -.45193
552.51, -.45516
553.48, -.45749
554.44, -.45976
555.41, -.46268
556.37, -.46527
557.34, -.46852
558.3, -.47228
559.26, -.47438
560.23, -.47736
561.19, -.48181
562.16, -.4866
563.12, -.48983
564.09, -.4936
565.05, -.49699
566.01, -.50005
566.98, -.50367
567.94, -.50815
568.91, -.51028
569.87, -.51489
570.84, -.52013
571.8, -.52285
572.76, -.52556
573.73, -.53002
574.69, -.53479
575.66, -.53777
576.62, -.53985
577.59, -.54322
578.55, -.54736
579.51, -.55141
580.48, -.55541
581.44, -.55888
582.41, -.56127
583.37, -.56291
584.33, -.56635
585.3, -.56873
586.26, -.57086
587.23, -.5756
588.19, -.57838
589.16, -.581
590.12, -.58326
591.08, -.5871
592.05, -.59069
593.01, -.59341
593.98, -.59561
594.94, -.59706
595.91, -.60092
596.87, -.60628
597.83, -.61066
598.8, -.6141
599.76, -.61522
600.73, -.6179
601.69, -.62246
602.66, -.62613
603.62, -.62921
604.58, -.63324
605.55, -.63614
606.51, -.6386
607.48, -.64128
608.44, -.64413
609.41, -.64689
610.37, -.64948
611.33, -.65198
612.3, -.65425
613.26, -.65578
614.23, -.65728
615.19, -.65953
616.15, -.66042
617.12, -.66058
618.08, -.66233
619.05, -.66412
620.01, -.66567
620.98, -.66732
621.94, -.67014
622.9, -.67274
623.87, -.67475
624.83, -.67685
625.8, -.67935
626.76, -.68221
627.73, -.68521
628.69, -.68876
629.65, -.69089
630.62, -.69258
631.58, -.69557
632.55, -.69973
633.51, -.70318
634.48, -.70493
635.44, -.70663
636.4, -.7088
637.37, -.71086
638.33, -.71236
639.3, -.71463
640.26, -.71632
641.23, -.71861
642.19, -.71954
643.15, -.72056
644.12, -.72239
645.08, -.72213
646.05, -.72228
647.01, -.72486
647.98, -.72748
648.94, -.72843
649.9, -.73025
650.87, -.73199
651.83, -.73227
652.8, -.73314
653.76, -.73472
654.72, -.73523
655.69, -.73472
656.65, -.73529
657.62, -.73692
658.58, -.73783
659.55, -.7402
660.51, -.74239
661.47, -.74373
662.44, -.74493
663.4, -.74594
664.37, -.74716
665.33, -.74799
666.3, -.74873
667.26, -.75008
668.22, -.75192
669.19, -.75365
670.15, -.75513
671.12, -.75594
672.08, -.75777
673.05, -.75983
674.01, -.76092
674.97, -.76217
675.94, -.76304
676.9, -.76393
677.87, -.7658
678.83, -.76777
679.8, -.76927
680.76, -.77116
681.72, -.77325
682.69, -.77479
683.65, -.77629
684.62, -.77793
685.58, -.77964
686.55, -.7811
687.51, -.78266
688.47, -.78414
689.44, -.78583
690.4, -.78782
691.37, -.79
692.33, -.79145
693.29, -.7927
694.26, -.79468
695.22, -.79659
696.19, -.79919
697.15, -.80226
698.12, -.80451
699.08, -.80611
700.04, -.80907
701.01, -.81119
701.97, -.81325
702.94, -.81562
703.9, -.81711
704.87, -.81881
705.83, -.82134
706.79, -.8213
707.76, -.82166
708.72, -.824
709.69, -.82572
710.65, -.82678
711.62, -.82896
712.58, -.83012
713.54, -.83031
714.51, -.8316
715.47, -.83321
716.44, -.83461
717.4, -.83496
718.37, -.83503
719.33, -.83618
720.29, -.83827
721.26, -.83947
722.22, -.84053
723.19, -.84183
724.15, -.84262
725.12, -.8428
726.08, -.84407
727.04, -.84442
728.01, -.84456
728.97, -.84647
729.94, -.84884
730.9, -.8505
731.86, -.85255
732.83, -.85341
733.79, -.85402
734.76, -.85468
735.72, -.85634
736.69, -.85866
737.65, -.85984
738.61, -.86047
739.58, -.86183
740.54, -.86357
741.51, -.86459
742.47, -.86602
743.44, -.86786
744.4, -.86888
745.36, -.86946
746.33, -.86987
747.29, -.87054
748.26, -.87214
749.22, -.87375
750.19, -.87461
751.15, -.8753
752.11, -.87618
753.08, -.87677
754.04, -.87743
755.01, -.87864
755.97, -.87969
756.94, -.88119
757.9, -.8827
758.86, -.88462
759.83, -.88563
760.79, -.88515
761.76, -.88538
762.72, -.88637
763.68, -.88791
764.65, -.89038
765.61, -.89166
766.58, -.89199
767.54, -.89274
768.51, -.89408
769.47, -.89518
770.43, -.89722
771.4, -.89836
772.36, -.89813
773.33, -.89902
774.29, -.89949
775.26, -.89939
776.22, -.90022
777.18, -.90184
778.15, -.90245
779.11, -.90372
780.08, -.90581
781.04, -.90768
782.01, -.90858
782.97, -.90969
783.93, -.91125
784.9, -.9124
785.86, -.91483
786.83, -.91741
787.79, -.91789
788.76, -.91803
789.72, -.91912
790.68, -.9191
791.65, -.91991
792.61, -.92139
793.58, -.92248
794.54, -.92331
795.51, -.92392
796.47, -.92453
797.43, -.92525
798.4, -.92638
799.36, -.92781
800.33, -.92941
801.29, -.93119
802.25, -.93239
803.22, -.93326
804.18, -.9349
805.15, -.93736
806.11, -.93911
807.08, -.93951
808.04, -.94047
809., -.94262
809.97, -.94481
810.93, -.94596
811.9, -.94762
812.86, -.95024
813.83, -.95226
814.79, -.95316
815.75, -.95343
816.72, -.95506
817.68, -.95709
818.65, -.95853
819.61, -.95976
820.58, -.96029
821.54, -.96065
822.5, -.96101
823.47, -.96191
824.43, -.96367
825.4, -.96519
826.36, -.96642
827.33, -.96761
828.29, -.9684
829.25, -.9693
830.22, -.97041
831.18, -.97006
832.15, -.96967
833.11, -.97055
834.08, -.97185
835.04, -.97185
836., -.97175
836.97, -.9717
837.93, -.97213
838.9, -.97332
839.86, -.97445
840.82, -.97482
841.79, -.97516
842.75, -.97586
843.72, -.97621
844.68, -.97737
845.65, -.97781
846.61, -.97777
847.57, -.97902
848.54, -.98018
849.5, -.97966
850.47, -.97968
851.43, -.98003
852.4, -.9804
853.36, -.98065
854.32, -.98072
855.29, -.98149
856.25, -.98179
857.22, -.98208
858.18, -.98226
859.15, -.98246
860.11, -.98225
861.07, -.98173
862.04, -.98146
863., -.98127
863.97, -.98091
864.93, -.98182
865.9, -.98228
866.86, -.98203
867.82, -.98317
868.79, -.98525
869.75, -.98712
870.72, -.98752
871.68, -.98799
872.65, -.98963
873.61, -.99095
874.57, -.99138
875.54, -.99251
876.5, -.99349
877.47, -.99351
878.43, -.99371
879.39, -.99255
880.36, -.99201
881.32, -.9928
882.29, -.9937
883.25, -.99458
884.22, -.99472
885.18, -.99472
886.14, -.9951
887.11, -.99585
888.07, -.99644
889.04, -.9978
890., -.99891
890.97, -.9983
891.93, -.99759
892.89, -.99853
893.86, -.99991
894.82, -1.00056
895.79, -1.00076
896.75, -1.0014
897.72, -1.0016
898.68, -1.00165
899.64, -1.00257
900.61, -1.00346
901.57, -1.00372
902.54, -1.00362
903.5, -1.00471
904.47, -1.0051
905.43, -1.00489
906.39, -1.00451
907.36, -1.00507
908.32, -1.00576
909.29, -1.0064
910.25, -1.00705
911.22, -1.00715
912.18, -1.00738
913.14, -1.00764
914.11, -1.00809
915.07, -1.00921
916.04, -1.00981
917., -1.01043
917.96, -1.01073
918.93, -1.0108
919.89, -1.0111
920.86, -1.01196
921.82, -1.01341
922.79, -1.01418
923.75, -1.01418
924.71, -1.01419
925.68, -1.0141
926.64, -1.01444
927.61, -1.01469
928.57, -1.01529
929.54, -1.01519
930.5, -1.01538
931.46, -1.01668
932.43, -1.01742
933.39, -1.01755
934.36, -1.01789
935.32, -1.01809
936.29, -1.0188
937.25, -1.0194
938.21, -1.01992
939.18, -1.02041
940.14, -1.02142
941.11, -1.02203
942.07, -1.02206
943.04, -1.02215
944., -1.02323
944.96, -1.0237
945.93, -1.02415
946.89, -1.02372
947.86, -1.0239
948.82, -1.02515
949.78, -1.0256
950.75, -1.02577
951.71, -1.02645
952.68, -1.02775
953.64, -1.02836
954.61, -1.02883
955.57, -1.02907
956.53, -1.02867
957.5, -1.02892
958.46, -1.02989
959.43, -1.02969
960.39, -1.02973
961.36, -1.03089
962.32, -1.03167
963.28, -1.03305
964.25, -1.03413
965.21, -1.0336
966.18, -1.03314
967.14, -1.03345
968.11, -1.03389
969.07, -1.03421
970.03, -1.03493
971., -1.03564
971.96, -1.03688
972.93, -1.03748
973.89, -1.03733
974.86, -1.03742
975.82, -1.0376
976.78, -1.03801
977.75, -1.03837
978.71, -1.03904
979.68, -1.03993
980.64, -1.04082
981.61, -1.041
982.57, -1.04129
983.53, -1.04168
984.5, -1.04239
985.46, -1.04275
986.43, -1.04299
987.39, -1.04287
988.35, -1.04301
989.32, -1.04321
990.28, -1.04366
991.25, -1.0434
992.21, -1.04305
993.18, -1.04382
994.14, -1.04437
995.1, -1.04494
996.07, -1.04589
997.03, -1.04627
998., -1.04585
998.96, -1.04574
999.93, -1.04642
1000.89, -1.04676
1001.85, -1.0466
1002.82, -1.04684
1003.78, -1.04731
1004.75, -1.04746
1005.71, -1.04737
1006.68, -1.04783
1007.64, -1.04819
1008.6, -1.04756
1009.57, -1.04737
1010.53, -1.04743
1011.5, -1.04836
1012.46, -1.04925
1013.43, -1.04987
1014.39, -1.04935
1015.35, -1.04891
1016.32, -1.04918
1017.28, -1.04876
1018.25, -1.04989
1019.21, -1.05093
1020.18, -1.05091
1021.14, -1.05174
1022.1, -1.05225
1023.07, -1.05164
1024.03, -1.05114
1025., -1.05139
1025.96, -1.05258
1026.93, -1.05293
1027.89, -1.05266
1028.85, -1.05278
1029.82, -1.05316
1030.78, -1.05369
1031.75, -1.05426
1032.71, -1.05442
1033.68, -1.0545
1034.64, -1.05533
1035.6, -1.056
1036.57, -1.05615
1037.53, -1.05571
1038.5, -1.05555
1039.46, -1.05645
1040.42, -1.05716
1041.39, -1.0573
1042.35, -1.05743
1043.32, -1.05712
1044.28, -1.05726
1045.25, -1.05725
1046.21, -1.05782
1047.17, -1.05782
1048.14, -1.05762
1049.1, -1.05768
1050.07, -1.05824
1051.03, -1.05934
1052., -1.05941
1052.96, -1.05924
1053.92, -1.05927
1054.89, -1.05956
1055.85, -1.05976
1056.82, -1.05963
1057.78, -1.05985
1058.75, -1.06054
1059.71, -1.0609
1060.67, -1.06098
1061.64, -1.06157
1062.6, -1.06177
1063.57, -1.06184
1064.53, -1.06237
1065.5, -1.06261
1066.46, -1.06264
1067.42, -1.06279
1068.39, -1.06294
1069.35, -1.06275
1070.32, -1.06262
1071.28, -1.06278
1072.25, -1.0621
1073.21, -1.06217
1074.17, -1.06236
1075.14, -1.06189
1076.1, -1.06183
1077.07, -1.06174
1078.03, -1.06146
1078.99, -1.06101
1079.96, -1.06074
1080.92, -1.06128
1081.89, -1.06102
1082.85, -1.06018
1083.82, -1.05917
1084.78, -1.05922
1085.74, -1.05942
1086.71, -1.05969
1087.67, -1.06033
1088.64, -1.06066
1089.6, -1.06068
1090.57, -1.06055
1091.53, -1.05984
1092.49, -1.06009
1093.46, -1.06099
1094.42, -1.06172
1095.39, -1.06203
1096.35, -1.06235
1097.32, -1.06273
1098.28, -1.06289
1099.24, -1.06405
1100.21, -1.06543
1101.17, -1.06638
1102.14, -1.06746
1103.1, -1.06783
1104.07, -1.06806
1105.03, -1.06945
1105.99, -1.07078
1106.96, -1.07171
1107.92, -1.07314
1108.89, -1.07385
1109.85, -1.07442
1110.81, -1.07532
1111.78, -1.07583
1112.74, -1.07661
1113.71, -1.0768
1114.67, -1.07762
1115.64, -1.07846
1116.6, -1.07844
1117.56, -1.07887
1118.53, -1.07968
1119.49, -1.07997
1120.46, -1.08007
1121.42, -1.07946
1122.39, -1.07947
1123.35, -1.08027
1124.31, -1.07942
1125.28, -1.07907
1126.24, -1.08018
1127.21, -1.08092
1128.17, -1.08194
1129.14, -1.08296
1130.1, -1.08403
1131.06, -1.08477
1132.03, -1.08452
1132.99, -1.08409
1133.96, -1.08392
1134.92, -1.08355
1135.89, -1.08391
1136.85, -1.08459
1137.81, -1.0839
1138.78, -1.08346
1139.74, -1.08439
1140.71, -1.08526
1141.67, -1.08598
1142.64, -1.08694
1143.6, -1.08788
1144.56, -1.08855
1145.53, -1.08887
1146.49, -1.08922
1147.46, -1.09005
1148.42, -1.09082
1149.38, -1.09082
1150.35, -1.0914
1151.31, -1.09239
1152.28, -1.09243
1153.24, -1.09182
1154.21, -1.09226
1155.17, -1.09339
1156.13, -1.09414
1157.1, -1.09495
1158.06, -1.09568
1159.03, -1.09571
1159.99, -1.09599
1160.96, -1.09638
1161.92, -1.09666
1162.88, -1.09679
1163.85, -1.09784
1164.81, -1.09916
1165.78, -1.09931
1166.74, -1.09892
1167.71, -1.09937
1168.67, -1.10006
1169.63, -1.10072
1170.6, -1.10154
1171.56, -1.10217
1172.53, -1.10222
1173.49, -1.10219
1174.46, -1.10289
1175.42, -1.10355
1176.38, -1.10338
1177.35, -1.10384
1178.31, -1.1045
1179.28, -1.10494
1180.24, -1.10503
1181.21, -1.10542
1182.17, -1.10583
1183.13, -1.10619
1184.1, -1.10675
1185.06, -1.10713
1186.03, -1.10752
1186.99, -1.10731
1187.95, -1.10697
1188.92, -1.10724
1189.88, -1.10786
1190.85, -1.10822
1191.81, -1.10865
1192.78, -1.10822
1193.74, -1.10803
1194.7, -1.1083
1195.67, -1.10835
1196.63, -1.10903
1197.6, -1.10899
1198.56, -1.10937
1199.53, -1.11074
1200.49, -1.11185
1201.45, -1.11238
1202.42, -1.11301
1203.38, -1.11382
1204.35, -1.11424
1205.31, -1.11414
1206.28, -1.11461
1207.24, -1.11526
1208.2, -1.11634
1209.17, -1.11695
1210.13, -1.11698
1211.1, -1.11707
1212.06, -1.11709
1213.03, -1.11827
1213.99, -1.11897
1214.95, -1.11927
1215.92, -1.11994
1216.88, -1.12089
1217.85, -1.12093
1218.81, -1.12064
1219.78, -1.12191
1220.74, -1.12255
1221.7, -1.12237
1222.67, -1.12216
1223.63, -1.12272
1224.6, -1.1234
1225.56, -1.1241
1226.52, -1.12429
1227.49, -1.12405
1228.45, -1.12421
1229.42, -1.12499
1230.38, -1.12561
1231.35, -1.12596
1232.31, -1.1262
1233.27, -1.12661
1234.24, -1.12678
1235.2, -1.12685
1236.17, -1.12679
1237.13, -1.12668
1238.1, -1.12712
1239.06, -1.12752
1240.02, -1.12812
1240.99, -1.12904
1241.95, -1.12877
1242.92, -1.12863
1243.88, -1.12948
1244.85, -1.13056
1245.81, -1.13136
1246.77, -1.13179
1247.74, -1.13186
1248.7, -1.13177
1249.67, -1.13169
1250.63, -1.1322
1251.6, -1.13228
1252.56, -1.13194
1253.52, -1.13307
1254.49, -1.1342
1255.45, -1.13449
1256.42, -1.13398
1257.38, -1.13409
1258.34, -1.13571
1259.31, -1.13681
1260.27, -1.13616
1261.24, -1.136
1262.2, -1.13694
1263.17, -1.13734
1264.13, -1.13809
1265.09, -1.13915
1266.06, -1.13956
1267.02, -1.1394
1267.99, -1.13969
1268.95, -1.14069
1269.92, -1.14118
1270.88, -1.14157
1271.84, -1.14191
1272.81, -1.14168
1273.77, -1.14212
1274.74, -1.14254
1275.7, -1.1423
1276.67, -1.14211
1277.63, -1.14203
1278.59, -1.14178
1279.56, -1.14165
1280.52, -1.14122
1281.49, -1.14119
1282.45, -1.14113
1283.42, -1.14115
1284.38, -1.14096
1285.34, -1.14052
1286.31, -1.1408
1287.27, -1.14137
1288.24, -1.14153
1289.2, -1.14134
1290.17, -1.14165
1291.13, -1.14186
1292.09, -1.14185
1293.06, -1.14205
1294.02, -1.14251
1294.99, -1.14268
1295.95, -1.14303
1296.91, -1.14312
1297.88, -1.14293
1298.84, -1.14225
1299.81, -1.14218
1300.77, -1.14278
1301.74, -1.14356
1302.7, -1.14408
1303.66, -1.14394
1304.63, -1.14365
1305.59, -1.14416
1306.56, -1.14479
1307.52, -1.14539
1308.49, -1.14517
1309.45, -1.14478
1310.41, -1.14533
1311.38, -1.14468
1312.34, -1.14358
1313.31, -1.1435
1314.27, -1.14422
1315.24, -1.14525
1316.2, -1.14576
1317.16, -1.14557
1318.13, -1.14541
1319.09, -1.14596
1320.06, -1.14651
1321.02, -1.14653
1321.99, -1.14657
1322.95, -1.14625
1323.91, -1.14623
1324.88, -1.14697
1325.84, -1.14691
1326.81, -1.14672
1327.77, -1.14714
1328.74, -1.14713
1329.7, -1.14714
1330.66, -1.14755
1331.63, -1.14698
1332.59, -1.14675
1333.56, -1.14757
1334.52, -1.14787
1335.48, -1.14814
1336.45, -1.14859
1337.41, -1.14877
1338.38, -1.14942
1339.34, -1.14913
1340.31, -1.14858
1341.27, -1.14896
1342.23, -1.14935
1343.2, -1.14941
1344.16, -1.14954
1345.13, -1.1497
1346.09, -1.14995
1347.06, -1.15062
1348.02, -1.15073
1348.98, -1.1506
1349.95, -1.15113
1350.91, -1.15131
1351.88, -1.15105
1352.84, -1.15053
1353.81, -1.15063
1354.77, -1.15099
1355.73, -1.15112
1356.7, -1.15112
1357.66, -1.1509
1358.63, -1.15109
1359.59, -1.15066
1360.56, -1.15025
1361.52, -1.15072
1362.48, -1.1511
1363.45, -1.1509
1364.41, -1.15054
1365.38, -1.15134
1366.34, -1.15237
1367.31, -1.15274
1368.27, -1.15268
1369.23, -1.15208
1370.2, -1.15159
1371.16, -1.15183
1372.13, -1.15214
1373.09, -1.15224
1374.05, -1.15206
1375.02, -1.1519
1375.98, -1.15155
1376.95, -1.15124
1377.91, -1.15167
1378.88, -1.15204
1379.84, -1.15179
1380.8, -1.15243
1381.77, -1.15277
1382.73, -1.15302
1383.7, -1.15419
1384.66, -1.15435
1385.63, -1.15323
1386.59, -1.15199
1387.55, -1.15047
1388.52, -1.1491
1389.48, -1.14855
1390.45, -1.1475
1391.41, -1.14657
1392.38, -1.14658
1393.34, -1.14614
1394.3, -1.14484
1395.27, -1.14366
1396.23, -1.14272
1397.2, -1.14171
1398.16, -1.14089
1399.13, -1.14078
1400.09, -1.14071
1401.05, -1.14084
1402.02, -1.14095
1402.98, -1.14069
1403.95, -1.14095
1404.91, -1.1422
1405.88, -1.14335
1406.84, -1.14398
1407.8, -1.14505
1408.77, -1.14547
1409.73, -1.14521
1410.7, -1.14592
1411.66, -1.14737
1412.62, -1.14856
1413.59, -1.14863
1414.55, -1.14928
1415.52, -1.15036
1416.48, -1.15097
1417.45, -1.15084
1418.41, -1.15078
1419.37, -1.15153
1420.34, -1.15195
1421.3, -1.15165
1422.27, -1.15118
1423.23, -1.15062
1424.2, -1.15004
1425.16, -1.1502
1426.12, -1.15154
1427.09, -1.15177
1428.05, -1.15166
1429.02, -1.15196
1429.98, -1.15253
1430.95, -1.15274
1431.91, -1.15276
1432.87, -1.15338
1433.84, -1.15418
1434.8, -1.1538
1435.77, -1.15231
1436.73, -1.15193
1437.7, -1.15264
1438.66, -1.15408
1439.62, -1.15553
1440.59, -1.15552
1441.55, -1.15484
1442.52, -1.15463
1443.48, -1.15472
1444.44, -1.15485
1445.41, -1.15426
1446.37, -1.15433
1447.34, -1.15465
1448.3, -1.15448
1449.27, -1.15475
1450.23, -1.15504
1451.19, -1.1552
1452.16, -1.15501
1453.12, -1.15507
1454.09, -1.15531
1455.05, -1.15539
1456.02, -1.1555
1456.98, -1.15583
1457.94, -1.15568
1458.91, -1.15606
1459.87, -1.15711
1460.84, -1.15675
1461.8, -1.15722
1462.77, -1.15795
1463.73, -1.1576
1464.69, -1.15745
1465.66, -1.15771
1466.62, -1.15807
1467.59, -1.15866
1468.55, -1.15934
1469.52, -1.15948
1470.48, -1.1598
1471.44, -1.15967
1472.41, -1.15921
1473.37, -1.15965
1474.34, -1.16
1475.3, -1.1604
1476.27, -1.16091
1477.23, -1.16128
1478.19, -1.16116
1479.16, -1.16128
1480.12, -1.16227
1481.09, -1.16261
1482.05, -1.16266
1483.01, -1.16272
1483.98, -1.16258
1484.94, -1.16269
1485.91, -1.16278
1486.87, -1.16315
1487.84, -1.16383
1488.8, -1.16438
1489.76, -1.16482
1490.73, -1.16518
1491.69, -1.16533
1492.66, -1.16539
1493.62, -1.16559
1494.59, -1.16578
1495.55, -1.16527
1496.51, -1.16598
1497.48, -1.16709
1498.44, -1.16717
1499.41, -1.16757
1500.37, -1.1686
1501.34, -1.16935
1502.3, -1.1693
1503.26, -1.16931
1504.23, -1.1698
1505.19, -1.16917
1506.16, -1.16886
1507.12, -1.16953
1508.09, -1.1706
1509.05, -1.17126
1510.01, -1.17183
1510.98, -1.17163
1511.94, -1.17156
1512.91, -1.1717
1513.87, -1.1721
1514.84, -1.17302
1515.8, -1.17327
1516.76, -1.17318
1517.73, -1.17392
1518.69, -1.17462
1519.66, -1.17394
1520.62, -1.17338
1521.58, -1.17467
1522.55, -1.17574
1523.51, -1.17576
1524.48, -1.17609
1525.44, -1.17623
1526.41, -1.17608
1527.37, -1.17672
1528.33, -1.17749
1529.3, -1.17753
1530.26, -1.17771
1531.23, -1.17864
1532.19, -1.17914
1533.16, -1.17853
1534.12, -1.17841
1535.08, -1.17893
1536.05, -1.17939
1537.01, -1.17977
1537.98, -1.17976
1538.94, -1.17927
1539.91, -1.17955
1540.87, -1.18021
1541.83, -1.1804
1542.8, -1.18164
1543.76, -1.18291
1544.73, -1.18293
1545.69, -1.18331
1546.66, -1.18387
1547.62, -1.1848
1548.58, -1.18514
1549.55, -1.18499
1550.51, -1.185
1551.48, -1.18517
1552.44, -1.18646
1553.41, -1.18657
1554.37, -1.18703
1555.33, -1.18863
1556.3, -1.18844
1557.26, -1.18814
1558.23, -1.18943
1559.19, -1.19126
1560.15, -1.19186
1561.12, -1.1927
1562.08, -1.19307
1563.05, -1.19339
1564.01, -1.1938
1564.98, -1.19401
1565.94, -1.19442
1566.9, -1.1946
1567.87, -1.19387
1568.83, -1.19299
1569.8, -1.193
1570.76, -1.19423
1571.73, -1.19434
1572.69, -1.19338
1573.65, -1.1931
1574.62, -1.19303
1575.58, -1.19267
1576.55, -1.19299
1577.51, -1.19366
1578.48, -1.19377
1579.44, -1.19364
1580.4, -1.19345
1581.37, -1.1932
1582.33, -1.19314
1583.3, -1.19314
1584.26, -1.19303
1585.23, -1.19246
1586.19, -1.19251
1587.15, -1.19311
1588.12, -1.19286
1589.08, -1.19239
1590.05, -1.19253
1591.01, -1.19293
1591.98, -1.1924
1592.94, -1.1919
1593.9, -1.19147
1594.87, -1.19085
1595.83, -1.1913
1596.8, -1.19152
1597.76, -1.19145
1598.72, -1.19134
1599.69, -1.19142
1600.65, -1.19106
1601.62, -1.19074
1602.58, -1.19078
1603.55, -1.19056
1604.51, -1.19078
1605.47, -1.19065
1606.44, -1.1903
1607.4, -1.19025
1608.37, -1.1905
1609.33, -1.18978
1610.3, -1.18856
1611.26, -1.18822
1612.22, -1.18864
1613.19, -1.18884
1614.15, -1.18893
1615.12, -1.18918
1616.08, -1.18819
1617.05, -1.18781
1618.01, -1.18907
1618.97, -1.18917
1619.94, -1.18879
1620.9, -1.18885
1621.87, -1.18902
1622.83, -1.18941
1623.8, -1.19081
1624.76, -1.19184
1625.72, -1.19229
1626.69, -1.19207
1627.65, -1.19236
1628.62, -1.19297
1629.58, -1.19359
1630.54, -1.19454
1631.51, -1.19485
1632.47, -1.19475
1633.44, -1.195
1634.4, -1.19419
1635.37, -1.19375
1636.33, -1.1947
1637.29, -1.19529
1638.26, -1.1952
1639.22, -1.19509
1640.19, -1.19532
1641.15, -1.19606
1642.12, -1.19626
1643.08, -1.19627
1644.04, -1.19672
1645.01, -1.19659
1645.97, -1.19706
1646.94, -1.19824
1647.9, -1.19829
1648.87, -1.19856
1649.83, -1.19836
1650.79, -1.19786
1651.76, -1.19695
1652.72, -1.19683
1653.69, -1.19809
1654.65, -1.19886
1655.62, -1.1996
1656.58, -1.20034
1657.54, -1.20043
1658.51, -1.2006
1659.47, -1.20157
1660.44, -1.20211
1661.4, -1.20146
1662.37, -1.20108
1663.33, -1.20189
1664.29, -1.20266
1665.26, -1.2025
1666.22, -1.20253
1667.19, -1.20249
1668.15, -1.20252
1669.12, -1.2027
1670.08, -1.20345
1671.04, -1.20369
1672.01, -1.20305
1672.97, -1.20292
1673.94, -1.20328
1674.9, -1.20343
1675.86, -1.20395
1676.83, -1.20463
1677.79, -1.20515
1678.76, -1.20544
1679.72, -1.20538
1680.69, -1.20511
1681.65, -1.20562
1682.61, -1.20593
1683.58, -1.20603
1684.54, -1.20605
1685.51, -1.20686
1686.47, -1.2076
1687.44, -1.207
1688.4, -1.20675
1689.36, -1.2069
1690.33, -1.20752
1691.29, -1.20789
1692.26, -1.20828
1693.22, -1.20875
1694.19, -1.20788
1695.15, -1.20652
1696.11, -1.2072
1697.08, -1.20799
1698.04, -1.20813
1699.01, -1.20805
1699.97, -1.20747
1700.94, -1.20834
1701.9, -1.20894
1702.86, -1.20906
1703.83, -1.20866
1704.79, -1.2088
1705.76, -1.20931
1706.72, -1.20958
1707.68, -1.20923
1708.65, -1.20963
1709.61, -1.21025
1710.58, -1.21035
1711.54, -1.21007
1712.51, -1.20958
1713.47, -1.21008
1714.43, -1.20995
1715.4, -1.21014
1716.36, -1.21012
1717.33, -1.20967
1718.29, -1.21042
1719.26, -1.21115
1720.22, -1.21083
1721.18, -1.21107
1722.15, -1.21169
1723.11, -1.21177
1724.08, -1.2116
1725.04, -1.212
1726.01, -1.21199
1726.97, -1.21168
1727.93, -1.21144
1728.9, -1.21112
1729.86, -1.2117
1730.83, -1.21227
1731.79, -1.21203
1732.76, -1.21111
1733.72, -1.21066
1734.68, -1.21118
1735.65, -1.21184
1736.61, -1.21204
1737.58, -1.2129
1738.54, -1.21288
1739.51, -1.21207
1740.47, -1.21267
1741.43, -1.21278
1742.4, -1.21257
1743.36, -1.21296
1744.33, -1.21311
1745.29, -1.21303
1746.25, -1.21312
1747.22, -1.21316
1748.18, -1.21283
1749.15, -1.21271
1750.11, -1.21345
1751.08, -1.21348
1752.04, -1.2132
1753., -1.21296
1753.97, -1.21265
1754.93, -1.21286
1755.9, -1.21376
1756.86, -1.21423
1757.83, -1.21476
1758.79, -1.21454
1759.75, -1.21392
1760.72, -1.2137
1761.68, -1.21387
1762.65, -1.21382
1763.61, -1.2138
1764.58, -1.21471
1765.54, -1.21517
1766.5, -1.21555
1767.47, -1.21535
1768.43, -1.21549
1769.4, -1.21545
1770.36, -1.21551
1771.33, -1.21523
1772.29, -1.21483
1773.25, -1.21539
1774.22, -1.2157
1775.18, -1.21535
1776.15, -1.21562
1777.11, -1.21537
1778.08, -1.21433
1779.04, -1.21474
1780., -1.21551
1780.97, -1.21524
1781.93, -1.21546
1782.9, -1.21605
1783.86, -1.21586
1784.82, -1.21523
1785.79, -1.21508
1786.75, -1.2154
1787.72, -1.2157
1788.68, -1.21608
1789.65, -1.21701
1790.61, -1.2174
1791.57, -1.2166
1792.54, -1.21583
1793.5, -1.21599
1794.47, -1.21588
1795.43, -1.21576
1796.4, -1.21621
1797.36, -1.21641
1798.32, -1.2163
1799.29, -1.21656
1800.25, -1.21656
1801.22, -1.21679
1802.18, -1.21723
1803.15, -1.21667
1804.11, -1.21635
1805.07, -1.21668
1806.04, -1.21702
1807., -1.21716
1807.97, -1.21692
1808.93, -1.21657
1809.9, -1.21673
1810.86, -1.21687
1811.82, -1.2168
1812.79, -1.21672
1813.75, -1.21717
1814.72, -1.21719
1815.68, -1.21725
1816.65, -1.2174
1817.61, -1.21785
1818.57, -1.21776
1819.54, -1.21797
1820.5, -1.21767
1821.47, -1.21736
1822.43, -1.21743
1823.39, -1.21761
1824.36, -1.21764
1825.32, -1.21779
1826.29, -1.21754
1827.25, -1.21792
1828.22, -1.21883
1829.18, -1.2189
1830.14, -1.21801
1831.11, -1.21806
1832.07, -1.21826
1833.04, -1.21798
1834., -1.21786
1834.97, -1.21763
1835.93, -1.21737
1836.89, -1.21767
1837.86, -1.21811
1838.82, -1.2181
1839.79, -1.21843
1840.75, -1.21874
1841.72, -1.21815
1842.68, -1.2176
1843.64, -1.21791
1844.61, -1.21904
1845.57, -1.21953
1846.54, -1.21913
1847.5, -1.21888
1848.47, -1.21966
1849.43, -1.21977
1850.39, -1.2194
1851.36, -1.21898
1852.32, -1.21906
1853.29, -1.2194
1854.25, -1.21967
1855.21, -1.21965
1856.18, -1.21935
1857.14, -1.21937
1858.11, -1.21941
1859.07, -1.21917
1860.04, -1.21944
1861., -1.21914
1861.96, -1.219
1862.93, -1.21975
1863.89, -1.22062
1864.86, -1.22077
1865.82, -1.22088
1866.79, -1.22118
1867.75, -1.22068
1868.71, -1.21997
1869.68, -1.2203
1870.64, -1.2207
1871.61, -1.2202
1872.57, -1.21987
1873.54, -1.22042
1874.5, -1.22068
1875.46, -1.22067
1876.43, -1.22094
1877.39, -1.22107
1878.36, -1.22057
1879.32, -1.22049
1880.29, -1.22145
1881.25, -1.22196
1882.21, -1.22138
1883.18, -1.22101
1884.14, -1.22136
1885.11, -1.22121
1886.07, -1.22101
1887.04, -1.22145
1888., -1.22217
1888.96, -1.22201
1889.93, -1.22111
1890.89, -1.22116
1891.86, -1.22173
1892.82, -1.22213
1893.78, -1.22182
1894.75, -1.22198
1895.71, -1.22262
1896.68, -1.22221
1897.64, -1.22211
1898.61, -1.2223
1899.57, -1.22206
1900.53, -1.22262
1901.5, -1.22287
1902.46, -1.222
1903.43, -1.22191
1904.39, -1.22213
1905.36, -1.22296
1906.32, -1.22352
1907.28, -1.22405
1908.25, -1.22363
1909.21, -1.22314
1910.18, -1.22317
1911.14, -1.22334
1912.11, -1.22402
1913.07, -1.22419
1914.03, -1.22367
1915., -1.22332
1915.96, -1.2241
1916.93, -1.22436
1917.89, -1.22439
1918.86, -1.2248
1919.82, -1.2248
1920.78, -1.2244
1921.75, -1.2243
1922.71, -1.22336
1923.68, -1.22371
1924.64, -1.2247
1925.61, -1.22488
1926.57, -1.2249
1927.53, -1.22481
1928.5, -1.22482
1929.46, -1.22468
1930.43, -1.22465
1931.39, -1.22472
1932.35, -1.22455
1933.32, -1.22471
1934.28, -1.22431
1935.25, -1.22412
1936.21, -1.22498
1937.18, -1.22555
1938.14, -1.22541
1939.1, -1.22484
1940.07, -1.22461
1941.03, -1.22522
1942., -1.22557
1942.96, -1.22585
1943.93, -1.22589
1944.89, -1.22586
1945.85, -1.22599
1946.82, -1.22639
1947.78, -1.22615
1948.75, -1.22596
1949.71, -1.2258
1950.68, -1.22576
1951.64, -1.22632
1952.6, -1.22623
1953.57, -1.22642
1954.53, -1.22686
1955.5, -1.22692
1956.46, -1.22671
1957.43, -1.22629
1958.39, -1.22577
1959.35, -1.22629
1960.32, -1.22729
1961.28, -1.22783
1962.25, -1.22786
1963.21, -1.22725
1964.18, -1.22634
1965.14, -1.22577
1966.1, -1.22548
1967.07, -1.22557
1968.03, -1.22643
1969., -1.2273
1969.96, -1.22697
1970.92, -1.22675
1971.89, -1.22678
1972.85, -1.227
1973.82, -1.228
1974.78, -1.22811
1975.75, -1.22775
1976.71, -1.22749
1977.67, -1.2266
1978.64, -1.22577
1979.6, -1.22666
1980.57, -1.22715
1981.53, -1.22683
1982.5, -1.22732
1983.46, -1.22739
1984.42, -1.22729
1985.39, -1.22771
1986.35, -1.22817
1987.32, -1.22846
1988.28, -1.22779
1989.25, -1.22772
1990.21, -1.22766
1991.17, -1.22729
1992.14, -1.22703
1993.1, -1.22731
1994.07, -1.22783
1995.03, -1.2281
1996., -1.2282
1996.96, -1.22832
1997.92, -1.22801
1998.89, -1.22738
1999.85, -1.22688
2000.82, -1.22727
2001.78, -1.22766
2002.75, -1.22746
2003.71, -1.22844
2004.67, -1.22877
2005.64, -1.22883
2006.6, -1.22894
2007.57, -1.22868
2008.53, -1.22815
2009.49, -1.22814
2010.46, -1.22826
2011.42, -1.22907
2012.39, -1.22923
2013.35, -1.22922
2014.32, -1.22945
2015.28, -1.22973
2016.24, -1.23027
2017.21, -1.23042
2018.17, -1.23026
2019.14, -1.23017
2020.1, -1.23042
2021.07, -1.23088
2022.03, -1.23173
2022.99, -1.23135
2023.96, -1.23038
2024.92, -1.22997
2025.89, -1.22969
2026.85, -1.2299
2027.82, -1.22981
2028.78, -1.2302
2029.74, -1.23068
2030.71, -1.23052
2031.67, -1.2303
2032.64, -1.23025
2033.6, -1.23073
2034.57, -1.23143
2035.53, -1.23136
2036.49, -1.23064
2037.46, -1.23092
2038.42, -1.23177
2039.39, -1.23149
2040.35, -1.2315
2041.31, -1.2321
2042.28, -1.23251
2043.24, -1.23187
2044.21, -1.23077
2045.17, -1.23035
2046.14, -1.23111
2047.1, -1.2314
2048.06, -1.23176
2049.03, -1.23192
2049.99, -1.23178
2050.96, -1.23121
2051.92, -1.23143
2052.89, -1.23179
2053.85, -1.23173
2054.81, -1.23186
2055.78, -1.23229
2056.74, -1.23217
2057.71, -1.23244
2058.67, -1.2333
2059.64, -1.23356
2060.6, -1.23281
2061.56, -1.23199
2062.53, -1.23229
2063.49, -1.23277
2064.46, -1.23308
2065.42, -1.23291
2066.39, -1.23329
2067.35, -1.23307
2068.31, -1.23325
2069.28, -1.23368
2070.24, -1.2335
2071.21, -1.23338
2072.17, -1.23349
2073.14, -1.23314
2074.1, -1.2333
2075.06, -1.23429
2076.03, -1.234
2076.99, -1.23374
2077.96, -1.23408
2078.92, -1.23308
2079.88, -1.23292
2080.85, -1.23456
2081.81, -1.23564
2082.78, -1.23488
2083.74, -1.23382
2084.71, -1.23396
2085.67, -1.23407
2086.63, -1.23341
2087.6, -1.23339
2088.56, -1.23385
2089.53, -1.23423
2090.49, -1.23453
2091.46, -1.23473
2092.42, -1.23481
2093.38, -1.23453
2094.35, -1.23448
2095.31, -1.2348
2096.28, -1.2352
2097.24, -1.23494
2098.21, -1.2347
2099.17, -1.23445
2100.13, -1.23444
2101.1, -1.23473
2102.06, -1.23466
2103.03, -1.23462
2103.99, -1.23498
2104.96, -1.23521
2105.92, -1.2356
2106.88, -1.23547
2107.85, -1.23496
2108.81, -1.23525
2109.78, -1.23554
2110.74, -1.23507
2111.71, -1.23579
2112.67, -1.2364
2113.63, -1.23636
2114.6, -1.23642
2115.56, -1.23585
2116.53, -1.23541
2117.49, -1.23567
2118.45, -1.23599
2119.42, -1.23643
2120.38, -1.23626
2121.35, -1.23587
2122.31, -1.23649
2123.28, -1.23631
2124.24, -1.23632
2125.2, -1.237
2126.17, -1.2365
2127.13, -1.23555
2128.1, -1.23629
2129.06, -1.23667
2130.03, -1.23675
2130.99, -1.23697
2131.95, -1.23642
2132.92, -1.2365
2133.88, -1.23692
2134.85, -1.23722
2135.81, -1.23692
2136.78, -1.23661
2137.74, -1.23593
2138.7, -1.23549
2139.67, -1.23566
2140.63, -1.23628
2141.6, -1.23694
2142.56, -1.23648
2143.53, -1.23578
2144.49, -1.23565
2145.45, -1.23644
2146.42, -1.23679
2147.38, -1.23663
2148.35, -1.23591
2149.31, -1.23616
2150.27, -1.23768
2151.24, -1.23781
2152.2, -1.23576
2153.17, -1.2351
2154.13, -1.2365
2155.1, -1.23725
2156.06, -1.23649
2157.02, -1.23631
2157.99, -1.23653
2158.95, -1.23649
2159.92, -1.23693
2160.88, -1.23787
2161.85, -1.23818
2162.81, -1.2379
2163.77, -1.23793
2164.74, -1.23782
2165.7, -1.23787
2166.67, -1.23809
2167.63, -1.23753
2168.6, -1.23643
2169.56, -1.23689
2170.52, -1.23834
2171.49, -1.23864
2172.45, -1.23757
2173.42, -1.23644
2174.38, -1.23632
2175.35, -1.23645
2176.31, -1.23646
2177.27, -1.23692
2178.24, -1.23725
2179.2, -1.23702
2180.17, -1.23654
2181.13, -1.23663
2182.1, -1.2371
2183.06, -1.23709
2184.02, -1.23719
2184.99, -1.23826
2185.95, -1.23844
2186.92, -1.23649
2187.88, -1.23662
2188.84, -1.23756
2189.81, -1.23767
2190.77, -1.23743
2191.74, -1.23731
2192.7, -1.23757
2193.67, -1.23764
2194.63, -1.23767
2195.59, -1.23764
2196.56, -1.23749
2197.52, -1.23809
2198.49, -1.23836
2199.45, -1.23777
2200.42, -1.23733
2201.38, -1.2373
2202.34, -1.23705
2203.31, -1.23732
2204.27, -1.23768
2205.24, -1.2377
2206.2, -1.23714
2207.17, -1.23714
2208.13, -1.23775
2209.09, -1.23761
2210.06, -1.23753
2211.02, -1.23763
2211.99, -1.23738
2212.95, -1.23778
2213.92, -1.23825
2214.88, -1.23747
2215.84, -1.23754
2216.81, -1.23826
2217.77, -1.23874
2218.74, -1.23874
2219.7, -1.23816
2220.67, -1.2379
2221.63, -1.23779
2222.59, -1.23759
2223.56, -1.23784
2224.52, -1.23784
2225.49, -1.23834
2226.45, -1.23817
2227.41, -1.23845
2228.38, -1.23863
2229.34, -1.23802
2230.31, -1.23768
2231.27, -1.23828
2232.24, -1.23865
2233.2, -1.23881
2234.16, -1.23911
2235.13, -1.23911
2236.09, -1.23912
2237.06, -1.2385
2238.02, -1.23815
2238.99, -1.23843
2239.95, -1.2389
2240.91, -1.23889
2241.88, -1.23823
2242.84, -1.23795
2243.81, -1.23858
2244.77, -1.23918
2245.74, -1.23841
2246.7, -1.23764
2247.66, -1.23752
2248.63, -1.23806
2249.59, -1.23857
2250.56, -1.23824
2251.52, -1.23731
2252.49, -1.23729
2253.45, -1.23798
2254.41, -1.23889
2255.38, -1.23951
2256.34, -1.23847
2257.31, -1.2378
2258.27, -1.23798
2259.24, -1.23829
2260.2, -1.2393
2261.16, -1.24003
2262.13, -1.23981
2263.09, -1.23971
2264.06, -1.2394
2265.02, -1.2388
2265.98, -1.2382
2266.95, -1.23898
2267.91, -1.2397
2268.88, -1.23923
2269.84, -1.23893
2270.81, -1.23843
2271.77, -1.23781
2272.73, -1.23858
2273.7, -1.23926
2274.66, -1.2389
2275.63, -1.23961
2276.59, -1.24013
2277.56, -1.2392
2278.52, -1.23869
2279.48, -1.23846
2280.45, -1.23847
2281.41, -1.23854
2282.38, -1.23862
2283.34, -1.23899
2284.31, -1.23912
2285.27, -1.23832
2286.23, -1.23819
2287.2, -1.23818
2288.16, -1.23891
2289.13, -1.23927
2290.09, -1.23901
2291.06, -1.23844
2292.02, -1.23889
2292.98, -1.23913
2293.95, -1.23917
2294.91, -1.23946
2295.88, -1.23919
2296.84, -1.23887
2297.81, -1.23872
2298.77, -1.23846
2299.73, -1.23912
2300.7, -1.24004
2301.66, -1.24007
2302.63, -1.23966
2303.59, -1.23906
2304.55, -1.2384
2305.52, -1.23892
2306.48, -1.2393
2307.45, -1.23941
2308.41, -1.23903
2309.38, -1.23832
2310.34, -1.23759
2311.3, -1.23782
2312.27, -1.2388
2313.23, -1.2387
2314.2, -1.2384
2315.16, -1.23911
2316.13, -1.24005
2317.09, -1.24014
2318.05, -1.23971
2319.02, -1.23941
2319.98, -1.23938
2320.95, -1.23862
2321.91, -1.23892
2322.88, -1.23975
2323.84, -1.24017
2324.8, -1.23961
2325.77, -1.23864
2326.73, -1.23754
2327.7, -1.23788
2328.66, -1.23855
2329.63, -1.2386
2330.59, -1.23862
2331.55, -1.23882
2332.52, -1.23908
2333.48, -1.2396
2334.45, -1.23936
2335.41, -1.23867
2336.38, -1.23838
2337.34, -1.23864
2338.3, -1.23887
2339.27, -1.23968
2340.23, -1.23973
2341.2, -1.23933
2342.16, -1.23925
2343.12, -1.23946
2344.09, -1.23953
2345.05, -1.23951
2346.02, -1.24005
2346.98, -1.2405
2347.95, -1.24
2348.91, -1.23944
2349.87, -1.23962
2350.84, -1.23958
2351.8, -1.23931
2352.77, -1.23973
2353.73, -1.23958
2354.7, -1.23891
2355.66, -1.23857
2356.62, -1.23908
2357.59, -1.23969
2358.55, -1.23924
2359.52, -1.23833
2360.48, -1.23823
2361.45, -1.23879
2362.41, -1.23844
2363.37, -1.23836
2364.34, -1.23828
2365.3, -1.23852
2366.27, -1.23805
2367.23, -1.23786
2368.2, -1.2386
2369.16, -1.23915
2370.12, -1.23973
2371.09, -1.24008
2372.05, -1.23998
2373.02, -1.24025
2373.98, -1.23983
2374.94, -1.2388
2375.91, -1.23968
2376.87, -1.24057
2377.84, -1.24094
2378.8, -1.24118
2379.77, -1.24003
2380.73, -1.2389
2381.69, -1.23938
2382.66, -1.23971
2383.62, -1.23992
2384.59, -1.24094
2385.55, -1.24084
2386.52, -1.23976
2387.48, -1.23893
2388.44, -1.23906
2389.41, -1.23965
2390.37, -1.24037
2391.34, -1.24024
2392.3, -1.23978
2393.27, -1.23963
2394.23, -1.23912
2395.19, -1.23898
2396.16, -1.23928
2397.12, -1.23985
2398.09, -1.24031
2399.05, -1.24041
2400.02, -1.24118
2400.98, -1.24168
2401.94, -1.24075
2402.91, -1.23983
2403.87, -1.23911
2404.84, -1.23917
2405.8, -1.23977
2406.77, -1.2391
2407.73, -1.23881
2408.69, -1.2396
2409.66, -1.23945
2410.62, -1.23929
2411.59, -1.2394
2412.55, -1.23885
2413.51, -1.23918
2414.48, -1.2401
2415.44, -1.24079
2416.41, -1.24052
2417.37, -1.23915
2418.34, -1.23913
2419.3, -1.24007
2420.26, -1.23963
2421.23, -1.23861
2422.19, -1.23868
2423.16, -1.23957
2424.12, -1.23945
2425.09, -1.23998
2426.05, -1.24046
2427.01, -1.24007
2427.98, -1.24002
2428.94, -1.23919
2429.91, -1.23895
2430.87, -1.23972
2431.84, -1.2392
2432.8, -1.23905
2433.76, -1.23986
2434.73, -1.23966
2435.69, -1.2387
2436.66, -1.23805
2437.62, -1.2386
2438.59, -1.23901
2439.55, -1.23924
2440.51, -1.24012
2441.48, -1.24019
2442.44, -1.2397
2443.41, -1.23873
2444.37, -1.23856
2445.34, -1.23885
2446.3, -1.23886
2447.26, -1.23917
2448.23, -1.23962
2449.19, -1.23974
2450.16, -1.2389
2451.12, -1.23839
2452.08, -1.23805
2453.05, -1.23883
2454.01, -1.23925
2454.98, -1.23976
2455.94, -1.24011
2456.91, -1.23967
2457.87, -1.23976
2458.83, -1.24022
2459.8, -1.23876
2460.76, -1.23746
2461.73, -1.23809
2462.69, -1.23927
2463.66, -1.23929
2464.62, -1.2386
2465.58, -1.23831
2466.55, -1.23834
2467.51, -1.23814
2468.48, -1.23781
2469.44, -1.23773
2470.41, -1.2384
2471.37, -1.23956
2472.33, -1.2393
2473.3, -1.23916
2474.26, -1.23964
2475.23, -1.24015
2476.19, -1.24033
2477.16, -1.23913
2478.12, -1.23856
2479.08, -1.23824
2480.05, -1.23815
2481.01, -1.23844
2481.98, -1.23899
2482.94, -1.23801
2483.91, -1.23773
2484.87, -1.23842
2485.83, -1.2378
2486.8, -1.23746
2487.76, -1.23799
2488.73, -1.23815
2489.69, -1.23837
2490.65, -1.23858
2491.62, -1.23822
2492.58, -1.23818
2493.55, -1.23847
2494.51, -1.23803
2495.48, -1.23716
2496.44, -1.23715
2497.4, -1.23774
2498.37, -1.23749
2499.33, -1.23812
2500.3, -1.2382
2501.26, -1.23743
2502.23, -1.23854
2503.19, -1.23896
2504.15, -1.23915
2505.12, -1.23872
2506.08, -1.23847
2507.05, -1.238
2508.01, -1.23781
2508.98, -1.23802
2509.94, -1.23887
2510.9, -1.23871
2511.87, -1.23785
2512.83, -1.23756
2513.8, -1.23702
2514.76, -1.23717
2515.73, -1.23794
2516.69, -1.23775
2517.65, -1.23797
2518.62, -1.23862
2519.58, -1.23852
2520.55, -1.23854
2521.51, -1.23954
2522.48, -1.23998
2523.44, -1.23836
2524.4, -1.23738
2525.37, -1.23784
2526.33, -1.23792
2527.3, -1.23826
2528.26, -1.23764
2529.22, -1.23656
2530.19, -1.23688
2531.15, -1.23768
2532.12, -1.23788
2533.08, -1.23779
2534.05, -1.23809
2535.01, -1.23815
2535.97, -1.23733
2536.94, -1.23724
2537.9, -1.23758
2538.87, -1.23735
2539.83, -1.23706
2540.8, -1.2377
2541.76, -1.23826
2542.72, -1.2382
2543.69, -1.23857
2544.65, -1.23792
2545.62, -1.23817
2546.58, -1.23844
2547.55, -1.23771
2548.51, -1.2371
2549.47, -1.23623
2550.44, -1.2363
2551.4, -1.23686
2552.37, -1.23691
2553.33, -1.2365
2554.3, -1.23601
2555.26, -1.23568
2556.22, -1.23583
2557.19, -1.23624
2558.15, -1.23653
2559.12, -1.23722
2560.08, -1.2375
2561.04, -1.23691
2562.01, -1.23623
2562.97, -1.23639
2563.94, -1.23644
2564.9, -1.23662
2565.87, -1.23706
2566.83, -1.23686
2567.79, -1.23681
2568.76, -1.23696
2569.72, -1.23653
2570.69, -1.2366
2571.65, -1.23643
2572.62, -1.23663
2573.58, -1.23625
2574.54, -1.23549
2575.51, -1.23625
2576.47, -1.23621
2577.44, -1.23615
2578.4, -1.23594
2579.37, -1.23545
2580.33, -1.23601
2581.29, -1.23626
2582.26, -1.2362
2583.22, -1.2351
2584.19, -1.23442
2585.15, -1.23481
2586.12, -1.23596
2587.08, -1.23628
2588.04, -1.23677
2589.01, -1.23677
2589.97, -1.23535
2590.94, -1.23471
2591.9, -1.23431
2592.87, -1.23537
2593.83, -1.23652
2594.79, -1.23617
2595.76, -1.23583
2596.72, -1.23646
2597.69, -1.23591
2598.65, -1.23567
2599.62, -1.23594
2600.58, -1.23579
2601.54, -1.23543
2602.51, -1.23488
2603.47, -1.23455
2604.44, -1.23469
2605.4, -1.23439
2606.36, -1.23385
2607.33, -1.2338
2608.29, -1.23461
2609.26, -1.23497
2610.22, -1.23484
2611.19, -1.23531
2612.15, -1.23514
2613.11, -1.234
2614.08, -1.23413
2615.04, -1.2344
2616.01, -1.23367
2616.97, -1.23314
2617.94, -1.23388
2618.9, -1.23449
2619.86, -1.23442
2620.83, -1.23447
2621.79, -1.23491
2622.76, -1.2348
2623.72, -1.23397
2624.69, -1.23364
2625.65, -1.2342
2626.61, -1.23396
2627.58, -1.2342
2628.54, -1.23457
2629.51, -1.23432
2630.47, -1.23487
2631.44, -1.23527
2632.4, -1.23524
2633.36, -1.23459
2634.33, -1.23317
2635.29, -1.23386
2636.26, -1.23376
2637.22, -1.23434
2638.18, -1.2345
2639.15, -1.23433
2640.11, -1.23379
2641.08, -1.23335
2642.04, -1.23407
2643.01, -1.23517
2643.97, -1.23487
2644.93, -1.23358
2645.9, -1.23295
2646.86, -1.23299
2647.83, -1.23324
2648.79, -1.23316
2649.76, -1.23318
2650.72, -1.23267
2651.68, -1.23202
2652.65, -1.23286
2653.61, -1.233
2654.58, -1.234
2655.54, -1.235
2656.51, -1.23462
2657.47, -1.23418
2658.43, -1.23432
2659.4, -1.23316
2660.36, -1.23277
2661.33, -1.23265
2662.29, -1.23209
2663.26, -1.23259
2664.22, -1.23212
2665.18, -1.23275
2666.15, -1.23379
2667.11, -1.23301
2668.08, -1.23232
2669.04, -1.23283
2670.01, -1.23327
2670.97, -1.2338
2671.93, -1.23367
2672.9, -1.23295
2673.86, -1.23241
2674.83, -1.2323
2675.79, -1.23202
2676.75, -1.23154
2677.72, -1.23188
2678.68, -1.23163
2679.65, -1.23119
2680.61, -1.23176
2681.58, -1.23144
2682.54, -1.23277
2683.5, -1.23346
2684.47, -1.23336
2685.43, -1.23295
2686.4, -1.2319
2687.36, -1.23022
2688.33, -1.2301
2689.29, -1.23109
2690.25, -1.23114
2691.22, -1.23078
2692.18, -1.2304
2693.15, -1.23069
2694.11, -1.23228
2695.08, -1.2322
2696.04, -1.23088
2697., -1.23051
2697.97, -1.22999
2698.93, -1.22957
2699.9, -1.23131
2700.86, -1.23315
2701.83, -1.23316
2702.79, -1.23127
2703.75, -1.23043
2704.72, -1.23102
2705.68, -1.23123
2706.65, -1.23139
2707.61, -1.23062
2708.57, -1.2304
2709.54, -1.23028
2710.5, -1.23065
2711.47, -1.23066
2712.43, -1.22959
2713.4, -1.22894
2714.36, -1.22923
2715.32, -1.23075
2716.29, -1.23057
2717.25, -1.23025
2718.22, -1.23013
2719.18, -1.22914
2720.15, -1.23021
2721.11, -1.23099
2722.07, -1.23082
2723.04, -1.23023
2724., -1.23047
2724.97, -1.23029
2725.93, -1.22975
2726.9, -1.23027
2727.86, -1.22977
2728.82, -1.22907
2729.79, -1.22921
2730.75, -1.22973
2731.72, -1.22977
2732.68, -1.22947
2733.65, -1.22909
2734.61, -1.22932
2735.57, -1.22954
2736.54, -1.22925
2737.5, -1.23039
2738.47, -1.22988
2739.43, -1.22816
2740.4, -1.22879
2741.36, -1.2289
2742.32, -1.22831
2743.29, -1.22843
2744.25, -1.22813
2745.22, -1.22905
2746.18, -1.22932
2747.15, -1.22791
2748.11, -1.22805
2749.07, -1.22895
2750.04, -1.22929
2751., -1.22844
2751.97, -1.22793
2752.93, -1.2281
2753.89, -1.22813
2754.86, -1.22771
2755.82, -1.22649
2756.79, -1.22665
2757.75, -1.22812
2758.72, -1.22804
2759.68, -1.22886
2760.64, -1.22955
2761.61, -1.22876
2762.57, -1.22746
2763.54, -1.22719
2764.5, -1.22742
2765.47, -1.22745
2766.43, -1.22798
2767.39, -1.22875
2768.36, -1.22914
2769.32, -1.22844
2770.29, -1.22793
2771.25, -1.22733
2772.22, -1.22668
2773.18, -1.22714
2774.14, -1.22713
2775.11, -1.2266
2776.07, -1.22586
2777.04, -1.226
2778., -1.22639
2778.97, -1.22724
2779.93, -1.22687
2780.89, -1.22678
2781.86, -1.22758
2782.82, -1.22818
2783.79, -1.2282
2784.75, -1.22851
2785.71, -1.22835
2786.68, -1.22791
2787.64, -1.22649
2788.61, -1.22586
2789.57, -1.22641
2790.54, -1.22627
2791.5, -1.22602
2792.46, -1.22588
2793.43, -1.2256
2794.39, -1.2268
2795.36, -1.22665
2796.32, -1.22569
2797.29, -1.22659
2798.25, -1.22713
2799.21, -1.22626
2800.18, -1.22399
2801.14, -1.22409
2802.11, -1.22575
2803.07, -1.22653
2804.04, -1.2275
2805., -1.22693
2805.96, -1.22559
2806.93, -1.22517
2807.89, -1.22523
2808.86, -1.22482
2809.82, -1.22525
2810.79, -1.22589
2811.75, -1.22606
2812.71, -1.22565
2813.68, -1.22482
2814.64, -1.22513
2815.61, -1.22636
2816.57, -1.22605
2817.54, -1.22386
2818.5, -1.22308
2819.46, -1.22353
2820.43, -1.22295
2821.39, -1.22371
2822.36, -1.22409
2823.32, -1.224
2824.28, -1.22355
2825.25, -1.22336
2826.21, -1.22402
2827.18, -1.22411
2828.14, -1.22338
2829.11, -1.2225
2830.07, -1.22225
2831.03, -1.22305
2832., -1.22414
2832.96, -1.22549
2833.93, -1.22584
2834.89, -1.2238
2835.86, -1.22211
2836.82, -1.22251
2837.78, -1.22364
2838.75, -1.22316
2839.71, -1.22232
2840.68, -1.22251
2841.64, -1.22269
2842.61, -1.22177
2843.57, -1.22126
2844.53, -1.22267
2845.5, -1.22334
2846.46, -1.22333
2847.43, -1.22218
2848.39, -1.22255
2849.36, -1.22226
2850.32, -1.2214
2851.28, -1.2213
2852.25, -1.22134
2853.21, -1.22017
2854.18, -1.22004
2855.14, -1.22157
2856.1, -1.22165
2857.07, -1.22199
2858.03, -1.2235
2859., -1.22432
2859.96, -1.223
2860.93, -1.22252
2861.89, -1.22212
2862.85, -1.2221
2863.82, -1.22282
2864.78, -1.22273
2865.75, -1.22222
2866.71, -1.22203
2867.68, -1.22178
2868.64, -1.2211
2869.6, -1.22147
2870.57, -1.22167
2871.53, -1.22173
2872.5, -1.22143
2873.46, -1.22037
2874.43, -1.22006
2875.39, -1.22025
2876.35, -1.22068
2877.32, -1.22193
2878.28, -1.2224
2879.25, -1.22149
2880.21, -1.22101
2881.18, -1.22121
2882.14, -1.22148
2883.1, -1.22126
2884.07, -1.22079
2885.03, -1.22102
2886., -1.22025
2886.96, -1.21907
2887.93, -1.21889
2888.89, -1.21993
2889.85, -1.21901
2890.82, -1.21854
2891.78, -1.21879
2892.75, -1.21763
2893.71, -1.21705
2894.68, -1.21825
2895.64, -1.21946
2896.6, -1.21978
2897.57, -1.21864
2898.53, -1.21788
2899.5, -1.21794
2900.46, -1.21817
2901.42, -1.21768
2902.39, -1.21777
2903.35, -1.21682
2904.32, -1.21669
2905.28, -1.21714
2906.25, -1.21738
2907.21, -1.21721
2908.17, -1.21692
2909.14, -1.21678
2910.1, -1.21706
2911.07, -1.2171
2912.03, -1.21665
2913., -1.21796
2913.96, -1.21886
2914.92, -1.21696
2915.89, -1.21565
2916.85, -1.21566
2917.82, -1.21532
2918.78, -1.21616
2919.75, -1.21746
2920.71, -1.21758
2921.67, -1.21883
2922.64, -1.21961
2923.6, -1.21947
2924.57, -1.21942
2925.53, -1.21827
2926.5, -1.21805
2927.46, -1.21857
2928.42, -1.21917
2929.39, -1.21868
2930.35, -1.2179
2931.32, -1.21832
2932.28, -1.21789
2933.24, -1.21765
2934.21, -1.21765
2935.17, -1.21801
2936.14, -1.21845
2937.1, -1.21965
2938.07, -1.21936
2939.03, -1.21815
2939.99, -1.21695
2940.96, -1.21591
2941.92, -1.21682
2942.89, -1.21675
2943.85, -1.21586
2944.82, -1.2162
2945.78, -1.21541
2946.74, -1.21393
2947.71, -1.21378
2948.67, -1.21436
2949.64, -1.21449
2950.6, -1.2138
2951.57, -1.21335
2952.53, -1.21351
2953.49, -1.21329
2954.46, -1.21326
2955.42, -1.21323
2956.39, -1.21374
2957.35, -1.21396
2958.32, -1.21401
2959.28, -1.21346
2960.24, -1.21198
2961.21, -1.21273
2962.17, -1.21364
2963.14, -1.21405
2964.1, -1.21422
2965.07, -1.2144
2966.03, -1.21416
2966.99, -1.21413
2967.96, -1.21436
2968.92, -1.21388
2969.89, -1.21304
2970.85, -1.21227
2971.81, -1.21246
2972.78, -1.21175
2973.74, -1.21111
2974.71, -1.21191
2975.67, -1.21225
2976.64, -1.21273
2977.6, -1.21217
2978.56, -1.21252
2979.53, -1.21286
2980.49, -1.21193
2981.46, -1.21069
2982.42, -1.21223
2983.39, -1.21354
2984.35, -1.21382
2985.31, -1.21196
2986.28, -1.21105
2987.24, -1.21087
2988.21, -1.2109
2989.17, -1.21112
2990.14, -1.21021
2991.1, -1.20882
2992.06, -1.20908
2993.03, -1.20928
2993.99, -1.20822
2994.96, -1.20804
2995.92, -1.20871
2996.89, -1.21011
2997.85, -1.2103
2998.81, -1.20884
2999.78, -1.20987
3000.74, -1.21074
3001.71, -1.21001
3002.67, -1.20882
3003.64, -1.20834
3004.6, -1.20809
3005.56, -1.20779
3006.53, -1.20846
3007.49, -1.20887
3008.46, -1.20806
3009.42, -1.20773
3010.38, -1.20662
3011.35, -1.20612
3012.31, -1.20604
3013.28, -1.20678
3014.24, -1.2073
3015.21, -1.20778
3016.17, -1.20725
3017.13, -1.2078
3018.1, -1.20863
3019.06, -1.20904
3020.03, -1.20741
3020.99, -1.20558
3021.96, -1.20644
3022.92, -1.2063
3023.88, -1.20529
3024.85, -1.20575
3025.81, -1.20664
3026.78, -1.2076
3027.74, -1.20736
3028.71, -1.20682
3029.67, -1.20579
3030.63, -1.20464
3031.6, -1.20462
3032.56, -1.20462
3033.53, -1.20486
3034.49, -1.20527
3035.46, -1.2055
3036.42, -1.20638
3037.38, -1.20678
3038.35, -1.20629
3039.31, -1.20595
3040.28, -1.20516
3041.24, -1.20491
3042.21, -1.20406
3043.17, -1.20221
3044.13, -1.20197
3045.1, -1.20217
3046.06, -1.2034
3047.03, -1.20569
3047.99, -1.2065
3048.95, -1.20514
3049.92, -1.20447
3050.88, -1.20439
3051.85, -1.20448
3052.81, -1.20444
3053.78, -1.20455
3054.74, -1.2044
3055.7, -1.2047
3056.67, -1.20519
3057.63, -1.20345
3058.6, -1.20293
3059.56, -1.20414
3060.53, -1.2036
3061.49, -1.20304
3062.45, -1.2034
3063.42, -1.20289
3064.38, -1.20152
3065.35, -1.20147
3066.31, -1.20204
3067.28, -1.20161
3068.24, -1.20242
3069.2, -1.20313
3070.17, -1.2023
3071.13, -1.202
3072.1, -1.20202
3073.06, -1.20212
3074.03, -1.20202
3074.99, -1.20115
3075.95, -1.20044
3076.92, -1.20013
3077.88, -1.20083
3078.85, -1.20216
3079.81, -1.20267
3080.77, -1.20149
3081.74, -1.20084
3082.7, -1.19982
3083.67, -1.19976
3084.63, -1.19977
3085.6, -1.19921
3086.56, -1.1983
3087.52, -1.19809
3088.49, -1.19895
3089.45, -1.19926
3090.42, -1.19839
3091.38, -1.19901
3092.35, -1.19986
3093.31, -1.19805
3094.27, -1.19627
3095.24, -1.19635
3096.2, -1.19626
3097.17, -1.1959
3098.13, -1.19702
3099.1, -1.19816
3100.06, -1.19728
3101.02, -1.19638
3101.99, -1.19678
3102.95, -1.1962
3103.92, -1.19383
3104.88, -1.19498
3105.85, -1.19677
3106.81, -1.19552
3107.77, -1.19555
3108.74, -1.19642
3109.7, -1.1957
3110.67, -1.19433
3111.63, -1.19328
3112.6, -1.19371
3113.56, -1.19548
3114.52, -1.19488
3115.49, -1.19376
3116.45, -1.19378
3117.42, -1.19422
3118.38, -1.19357
3119.34, -1.19334
3120.31, -1.19289
3121.27, -1.19337
3122.24, -1.19398
3123.2, -1.19303
3124.17, -1.19162
3125.13, -1.19081
3126.09, -1.19095
3127.06, -1.19233
3128.02, -1.19304
3128.99, -1.19258
3129.95, -1.19121
3130.92, -1.19185
3131.88, -1.19412
3132.84, -1.19355
3133.81, -1.19295
3134.77, -1.19357
3135.74, -1.1933
3136.7, -1.19308
3137.67, -1.19232
3138.63, -1.19205
3139.59, -1.19085
3140.56, -1.19111
3141.52, -1.19185
3142.49, -1.19141
3143.45, -1.19162
3144.42, -1.19187
3145.38, -1.19112
3146.34, -1.19027
3147.31, -1.1907
3148.27, -1.1904
3149.24, -1.19148
3150.2, -1.19167
3151.17, -1.18959
3152.13, -1.18999
3153.09, -1.19078
3154.06, -1.19045
3155.02, -1.1908
3155.99, -1.19121
3156.95, -1.19011
3157.91, -1.18987
3158.88, -1.19111
3159.84, -1.19243
3160.81, -1.19148
3161.77, -1.18977
3162.74, -1.18837
3163.7, -1.18787
3164.66, -1.18874
3165.63, -1.18943
3166.59, -1.19086
3167.56, -1.19169
3168.52, -1.18932
3169.49, -1.18781
3170.45, -1.18878
3171.41, -1.18939
3172.38, -1.18984
3173.34, -1.18972
3174.31, -1.18879
3175.27, -1.18843
3176.24, -1.18995
3177.2, -1.1909
3178.16, -1.18911
3179.13, -1.18774
3180.09, -1.18794
3181.06, -1.18986
3182.02, -1.19049
3182.99, -1.18954
3183.95, -1.18932
3184.91, -1.18954
3185.88, -1.1892
3186.84, -1.18821
3187.81, -1.1882
3188.77, -1.18875
3189.74, -1.18837
3190.7, -1.18815
3191.66, -1.18884
3192.63, -1.18886
3193.59, -1.18927
3194.56, -1.1894
3195.52, -1.18893
3196.48, -1.18843
3197.45, -1.18838
3198.41, -1.1891
3199.38, -1.19059
3200.34, -1.19038
3201.31, -1.18867
3202.27, -1.18801
3203.23, -1.18855
3204.2, -1.18921
3205.16, -1.18895
3206.13, -1.18976
3207.09, -1.18983
3208.06, -1.18838
3209.02, -1.18735
3209.98, -1.18723
3210.95, -1.18638
3211.91, -1.18608
3212.88, -1.187
3213.84, -1.18696
3214.81, -1.18692
3215.77, -1.188
3216.73, -1.18782
3217.7, -1.18675
3218.66, -1.18726
3219.63, -1.18823
3220.59, -1.1885
3221.56, -1.18912
3222.52, -1.18921
3223.48, -1.18793
3224.45, -1.18757
3225.41, -1.18781
3226.38, -1.18791
3227.34, -1.18737
3228.3, -1.18642
3229.27, -1.18753
3230.23, -1.18732
3231.2, -1.18738
3232.16, -1.18944
3233.13, -1.18813
3234.09, -1.18668
3235.05, -1.18556
3236.02, -1.18691
3236.98, -1.18804
3237.95, -1.18699
3238.91, -1.18836
3239.88, -1.1895
3240.84, -1.18799
3241.8, -1.18732
3242.77, -1.1871
3243.73, -1.18661
3244.7, -1.18719
3245.66, -1.18676
3246.63, -1.18711
3247.59, -1.18697
3248.55, -1.18632
3249.52, -1.18647
3250.48, -1.186
3251.45, -1.18712
3252.41, -1.18849
3253.38, -1.18712
3254.34, -1.1861
3255.3, -1.18581
3256.27, -1.18534
3257.23, -1.18502
3258.2, -1.18499
3259.16, -1.18391
3260.13, -1.18443
3261.09, -1.18519
3262.05, -1.18449
3263.02, -1.18427
3263.98, -1.18434
3264.95, -1.18349
3265.91, -1.18352
3266.88, -1.18527
3267.84, -1.18566
3268.8, -1.18508
3269.77, -1.18452
3270.73, -1.18404
3271.7, -1.1845
3272.66, -1.18404
3273.62, -1.1823
3274.59, -1.18302
3275.55, -1.1846
3276.52, -1.18428
3277.48, -1.18424
3278.45, -1.18448
3279.41, -1.18374
3280.37, -1.18295
3281.34, -1.18266
3282.3, -1.18199
3283.27, -1.1802
3284.23, -1.17984
3285.2, -1.18152
3286.16, -1.18224
3287.12, -1.18258
3288.09, -1.1823
3289.05, -1.18147
3290.02, -1.18144
3290.98, -1.18333
3291.95, -1.18414
3292.91, -1.18245
3293.87, -1.18154
3294.84, -1.18001
3295.8, -1.18098
3296.77, -1.17983
3297.73, -1.17823
3298.7, -1.17909
3299.66, -1.18074
3300.62, -1.18088
3301.59, -1.17937
3302.55, -1.17823
3303.52, -1.17887
3304.48, -1.1803
3305.44, -1.18089
3306.41, -1.18005
3307.37, -1.17891
3308.34, -1.17981
3309.3, -1.18121
3310.27, -1.18032
3311.23, -1.17925
3312.19, -1.17855
3313.16, -1.17786
3314.12, -1.17956
3315.09, -1.18099
3316.05, -1.18033
3317.02, -1.179
3317.98, -1.17906
3318.94, -1.17854
3319.91, -1.17917
3320.87, -1.18005
3321.84, -1.18047
3322.8, -1.18126
3323.77, -1.18169
3324.73, -1.1817
3325.69, -1.18049
3326.66, -1.17966
3327.62, -1.17898
3328.59, -1.17867
3329.55, -1.18017
3330.52, -1.18035
3331.48, -1.18013
3332.44, -1.18195
3333.41, -1.18119
3334.37, -1.17923
3335.34, -1.17942
3336.3, -1.1806
3337.27, -1.18006
3338.23, -1.17919
3339.19, -1.1799
3340.16, -1.17924
3341.12, -1.17915
3342.09, -1.18032
3343.05, -1.18056
3344.01, -1.18139
3344.98, -1.18173
3345.94, -1.18051
3346.91, -1.17884
3347.87, -1.178
3348.84, -1.17905
3349.8, -1.18004
3350.76, -1.18
3351.73, -1.17836
3352.69, -1.17839
3353.66, -1.17921
3354.62, -1.18021
3355.59, -1.18107
3356.55, -1.17977
3357.51, -1.17899
3358.48, -1.17978
3359.44, -1.18023
3360.41, -1.17993
3361.37, -1.18049
3362.34, -1.17979
3363.3, -1.18046
3364.26, -1.18126
3365.23, -1.18099
3366.19, -1.18101
3367.16, -1.18087
3368.12, -1.18058
3369.09, -1.1797
3370.05, -1.18001
3371.01, -1.17994
3371.98, -1.17992
3372.94, -1.18106
3373.91, -1.18098
3374.87, -1.18005
3375.83, -1.17961
3376.8, -1.17949
3377.76, -1.17974
3378.73, -1.18093
3379.69, -1.18156
3380.66, -1.18209
3381.62, -1.18121
3382.58, -1.1798
3383.55, -1.17886
3384.51, -1.17834
3385.48, -1.17886
3386.44, -1.17964
3387.41, -1.18102
3388.37, -1.18056
3389.33, -1.17988
3390.3, -1.1801
3391.26, -1.18041
3392.23, -1.18075
3393.19, -1.18024
3394.16, -1.1809
3395.12, -1.1804
3396.08, -1.17863
3397.05, -1.18019
3398.01, -1.18079
3398.98, -1.17878
3399.94, -1.17689
3400.91, -1.18017
3401.87, -1.1822
3402.83, -1.18139
3403.8, -1.18282
3404.76, -1.18353
3405.73, -1.18188
3406.69, -1.17971
3407.66, -1.18064
3408.62, -1.18249
3409.58, -1.18038
3410.55, -1.1789
3411.51, -1.17973
3412.48, -1.18232
3413.44, -1.18245
3414.41, -1.18443
3415.37, -1.18478
3416.33, -1.18356
3417.3, -1.1847
3418.26, -1.18672
3419.23, -1.18767
3420.19, -1.18661
3421.15, -1.1865
3422.12, -1.18772
3423.08, -1.18594
3424.05, -1.18501
3425.01, -1.18763
3425.98, -1.19041
3426.94, -1.19075
3427.9, -1.18906
3428.87, -1.18882
3429.83, -1.18783
3430.8, -1.18869
3431.76, -1.18995
3432.73, -1.18946
3433.69, -1.19054
3434.65, -1.19231
3435.62, -1.19256
3436.58, -1.19081
3437.55, -1.19057
3438.51, -1.1918
3439.48, -1.19429
3440.44, -1.19637
3441.4, -1.19455
3442.37, -1.19434
3443.33, -1.19479
3444.3, -1.19398
3445.26, -1.1923
3446.23, -1.19415
3447.19, -1.19569
3448.15, -1.1954
3449.12, -1.19685
3450.08, -1.19592
3451.05, -1.19339
3452.01, -1.19483
3452.97, -1.19815
3453.94, -1.20103
3454.9, -1.19912
3455.87, -1.19632
3456.83, -1.19679
3457.8, -1.19742
3458.76, -1.19716
3459.72, -1.1986
3460.69, -1.20089
3461.65, -1.20075
3462.62, -1.20007
3463.58, -1.19896
3464.55, -1.19913
3465.51, -1.19952
3466.47, -1.2002
3467.44, -1.20144
3468.4, -1.20243
3469.37, -1.2035
3470.33, -1.20442
3471.3, -1.20405
3472.26, -1.20208
3473.22, -1.20084
3474.19, -1.20136
3475.15, -1.2023
3476.12, -1.20493
3477.08, -1.20566
3478.05, -1.20528
3479.01, -1.20488
3479.97, -1.20327
3480.94, -1.20112
3481.9, -1.20104
3482.87, -1.20264
3483.83, -1.20309
3484.8, -1.20443
3485.76, -1.20631
3486.72, -1.20523
3487.69, -1.20403
3488.65, -1.20304
3489.62, -1.20301
3490.58, -1.20448
3491.54, -1.20353
3492.51, -1.20585
3493.47, -1.20752
3494.44, -1.20461
3495.4, -1.20453
3496.37, -1.2062
3497.33, -1.20606
3498.29, -1.20686
3499.26, -1.20768
3500.22, -1.20819
3501.19, -1.20729
3502.15, -1.20802
3503.12, -1.20806
3504.08, -1.20761
3505.04, -1.2082
3506.01, -1.20786
3506.97, -1.20787
3507.94, -1.20739
3508.9, -1.20491
3509.87, -1.20532
3510.83, -1.20586
3511.79, -1.20579
3512.76, -1.20703
3513.72, -1.20698
3514.69, -1.20629
3515.65, -1.20695
3516.62, -1.2088
3517.58, -1.20902
3518.54, -1.20523
3519.51, -1.20506
3520.47, -1.20635
3521.44, -1.20771
3522.4, -1.21093
3523.37, -1.21155
3524.33, -1.21016
3525.29, -1.20953
3526.26, -1.20904
3527.22, -1.20756
3528.19, -1.20634
3529.15, -1.20569
3530.11, -1.20634
3531.08, -1.20756
3532.04, -1.20734
3533.01, -1.20885
3533.97, -1.21107
3534.94, -1.2103
3535.9, -1.20752
3536.86, -1.20758
3537.83, -1.20997
3538.79, -1.21142
3539.76, -1.21106
3540.72, -1.21228
3541.69, -1.21108
3542.65, -1.20866
3543.61, -1.21025
3544.58, -1.21124
3545.54, -1.20966
3546.51, -1.2094
3547.47, -1.21056
3548.44, -1.20853
3549.4, -1.20696
3550.36, -1.20703
3551.33, -1.20698
3552.29, -1.20906
3553.26, -1.2107
3554.22, -1.21095
3555.19, -1.21003
3556.15, -1.20763
3557.11, -1.20687
3558.08, -1.20611
3559.04, -1.20768
3560.01, -1.21062
3560.97, -1.21059
3561.94, -1.21121
3562.9, -1.21223
3563.86, -1.21235
3564.83, -1.20994
3565.79, -1.20785
3566.76, -1.20719
3567.72, -1.2072
3568.68, -1.20826
3569.65, -1.20986
3570.61, -1.21056
3571.58, -1.21131
3572.54, -1.2103
3573.51, -1.20912
3574.47, -1.20916
3575.43, -1.21024
3576.4, -1.21249
3577.36, -1.21178
3578.33, -1.20938
3579.29, -1.20922
3580.26, -1.20721
3581.22, -1.20783
3582.18, -1.21178
3583.15, -1.2114
3584.11, -1.20962
3585.08, -1.20913
3586.04, -1.20935
3587.01, -1.21056
3587.97, -1.20938
3588.93, -1.2073
3589.9, -1.2085
3590.86, -1.20902
3591.83, -1.20764
3592.79, -1.20833
3593.76, -1.20964
3594.72, -1.21102
3595.68, -1.21235
3596.65, -1.21102
3597.61, -1.20996
3598.58, -1.211
3599.54, -1.20963
3600.5, -1.2091
3601.47, -1.20834
3602.43, -1.20839
3603.4, -1.2091
3604.36, -1.20712
3605.33, -1.20619
3606.29, -1.20779
3607.25, -1.21054
3608.22, -1.21337
3609.18, -1.2134
3610.15, -1.21049
3611.11, -1.20839
3612.08, -1.20731
3613.04, -1.20702
3614., -1.2079
3614.97, -1.20766
3615.93, -1.20804
3616.9, -1.20998
3617.86, -1.20953
3618.83, -1.2078
3619.79, -1.2071
3620.75, -1.20779
3621.72, -1.20882
3622.68, -1.20678
3623.65, -1.20575
3624.61, -1.20501
3625.58, -1.20614
3626.54, -1.20573
3627.5, -1.20474
3628.47, -1.20609
3629.43, -1.2079
3630.4, -1.20712
3631.36, -1.20327
3632.33, -1.20271
3633.29, -1.206
3634.25, -1.20573
3635.22, -1.20543
3636.18, -1.20543
3637.15, -1.20721
3638.11, -1.20689
3639.07, -1.20789
3640.04, -1.20798
3641., -1.20568
3641.97, -1.20439
3642.93, -1.2044
3643.9, -1.20461
3644.86, -1.20691
3645.82, -1.20679
3646.79, -1.20523
3647.75, -1.20556
3648.72, -1.20483
3649.68, -1.20488
3650.65, -1.20403
3651.61, -1.20411
3652.57, -1.20429
3653.54, -1.20389
3654.5, -1.20346
3655.47, -1.20528
3656.43, -1.20703
3657.4, -1.20612
3658.36, -1.20426
3659.32, -1.20451
3660.29, -1.20564
3661.25, -1.20773
3662.22, -1.20745
3663.18, -1.20478
3664.15, -1.20372
3665.11, -1.20389
3666.07, -1.20515
3667.04, -1.20647
3668., -1.204
3668.97, -1.20214
3669.93, -1.20164
3670.9, -1.20185
3671.86, -1.20174
3672.82, -1.20238
3673.79, -1.20135
3674.75, -1.1997
3675.72, -1.20227
3676.68, -1.20391
3677.64, -1.20366
3678.61, -1.20245
3679.57, -1.20049
3680.54, -1.20118
3681.5, -1.20236
3682.47, -1.20088
3683.43, -1.20099
3684.39, -1.20192
3685.36, -1.19817
3686.32, -1.1981
3687.29, -1.20094
3688.25, -1.2016
3689.22, -1.20308
3690.18, -1.20254
3691.14, -1.20377
3692.11, -1.20412
3693.07, -1.20118
3694.04, -1.20081
3695., -1.20213
3695.97, -1.20236
3696.93, -1.20315
3697.89, -1.20082
3698.86, -1.1983
3699.82, -1.1993
3700.79, -1.19777
3701.75, -1.19859
3702.72, -1.2011
3703.68, -1.19851
3704.64, -1.19828
3705.61, -1.20169
3706.57, -1.20143
3707.54, -1.19884
3708.5, -1.19829
3709.47, -1.19957
3710.43, -1.20113
3711.39, -1.20037
3712.36, -1.19928
3713.32, -1.19811
3714.29, -1.1993
3715.25, -1.20026
3716.21, -1.19862
3717.18, -1.19933
3718.14, -1.20009
3719.11, -1.19758
3720.07, -1.19921
3721.04, -1.20169
3722., -1.20019
3722.96, -1.19734
3723.93, -1.19712
3724.89, -1.19997
3725.86, -1.20152
3726.82, -1.20073
3727.79, -1.19951
3728.75, -1.20076
3729.71, -1.20035
3730.68, -1.19769
3731.64, -1.19836
3732.61, -1.1988
3733.57, -1.20039
3734.54, -1.19964
3735.5, -1.19794
3736.46, -1.20111
3737.43, -1.20175
3738.39, -1.19963
3739.36, -1.19765
3740.32, -1.19785
3741.29, -1.20083
3742.25, -1.20118
3743.21, -1.19969
3744.18, -1.19959
3745.14, -1.20044
3746.11, -1.20262
3747.07, -1.19981
3748.04, -1.19743
3749., -1.19861
3749.96, -1.19869
3750.93, -1.19517
3751.89, -1.19427
3752.86, -1.19709
3753.82, -1.19741
3754.78, -1.19704
3755.75, -1.1984
3756.71, -1.19776
3757.68, -1.19768
3758.64, -1.19843
3759.61, -1.1971
3760.57, -1.19537
3761.53, -1.19294
3762.5, -1.19093
3763.46, -1.19333
3764.43, -1.19398
3765.39, -1.19332
3766.36, -1.19418
3767.32, -1.19515
3768.28, -1.1962
3769.25, -1.19617
3770.21, -1.19475
3771.18, -1.19508
3772.14, -1.19501
3773.11, -1.19499
3774.07, -1.19548
3775.03, -1.19604
3776., -1.19515
3776.96, -1.19222
3777.93, -1.19318
3778.89, -1.1939
3779.86, -1.19429
3780.82, -1.19293
3781.78, -1.19117
3782.75, -1.19246
3783.71, -1.19242
3784.68, -1.1911
3785.64, -1.19226
3786.6, -1.19343
3787.57, -1.19355
3788.53, -1.1957
3789.5, -1.19573
3790.46, -1.19331
3791.43, -1.19236
3792.39, -1.19277
3793.35, -1.19258
3794.32, -1.19387
3795.28, -1.19613
3796.25, -1.19458
3797.21, -1.19248
3798.18, -1.18999
3799.14, -1.18919
3800.1, -1.1902
3801.07, -1.18995
3802.03, -1.18825
3803., -1.18863
3803.96, -1.19169
3804.93, -1.19325
3805.89, -1.19073
3806.85, -1.19157
3807.82, -1.19461
3808.78, -1.19283
3809.75, -1.19271
3810.71, -1.1942
3811.68, -1.19323
3812.64, -1.19048
3813.6, -1.19075
3814.57, -1.18964
3815.53, -1.189
3816.5, -1.19028
3817.46, -1.19165
3818.43, -1.19134
3819.39, -1.19012
3820.35, -1.19098
3821.32, -1.19183
3822.28, -1.19093
3823.25, -1.19195
3824.21, -1.19101
3825.17, -1.18889
3826.14, -1.18903
3827.1, -1.19029
3828.07, -1.19183
3829.03, -1.19308
3830., -1.19298
3830.96, -1.19011
3831.92, -1.18932
3832.89, -1.19022
3833.85, -1.19057
3834.82, -1.19319
3835.78, -1.19449
3836.75, -1.191
3837.71, -1.19043
3838.67, -1.19352
3839.64, -1.19094
3840.6, -1.18845
3841.57, -1.18834
3842.53, -1.18926
3843.5, -1.19036
3844.46, -1.19148
3845.42, -1.19039
3846.39, -1.18979
3847.35, -1.18801
3848.32, -1.1846
3849.28, -1.18414
3850.25, -1.1858
3851.21, -1.1863
3852.17, -1.1872
3853.14, -1.18577
3854.1, -1.18364
3855.07, -1.18627
3856.03, -1.1898
3857., -1.19197
3857.96, -1.19244
3858.92, -1.19091
3859.89, -1.19051
3860.85, -1.18821
3861.82, -1.18696
3862.78, -1.18528
3863.74, -1.18469
3864.71, -1.18726
3865.67, -1.19078
3866.64, -1.19127
3867.6, -1.18817
3868.57, -1.18736
3869.53, -1.18844
3870.49, -1.18818
3871.46, -1.18714
3872.42, -1.18706
3873.39, -1.18787
3874.35, -1.18621
3875.32, -1.18497
3876.28, -1.18698
3877.24, -1.18725
3878.21, -1.18624
3879.17, -1.18694
3880.14, -1.18681
3881.1, -1.18494
3882.07, -1.18446
3883.03, -1.18361
3883.99, -1.18389
3884.96, -1.18207
3885.92, -1.18222
3886.89, -1.18379
3887.85, -1.18518
3888.82, -1.18697
3889.78, -1.18491
3890.74, -1.18232
3891.71, -1.18383
3892.67, -1.18591
3893.64, -1.18522
3894.6, -1.18492
3895.57, -1.18619
3896.53, -1.18688
3897.49, -1.18624
3898.46, -1.18307
3899.42, -1.18468
3900.39, -1.18567
3901.35, -1.18402
3902.31, -1.18525
3903.28, -1.18459
3904.24, -1.18323
3905.21, -1.18575
3906.17, -1.18588
3907.14, -1.18322
3908.1, -1.18091
3909.06, -1.18084
3910.03, -1.18433
3910.99, -1.18588
3911.96, -1.18467
3912.92, -1.18436
3913.89, -1.18434
3914.85, -1.1846
3915.81, -1.18391
3916.78, -1.18169
3917.74, -1.18166
3918.71, -1.18467
3919.67, -1.18801
3920.64, -1.18536
3921.6, -1.18396
3922.56, -1.18441
3923.53, -1.18325
3924.49, -1.18252
3925.46, -1.18266
3926.42, -1.18252
3927.39, -1.18335
3928.35, -1.1852
3929.31, -1.18515
3930.28, -1.18394
3931.24, -1.18343
3932.21, -1.18304
3933.17, -1.1825
3934.14, -1.18114
3935.1, -1.18291
3936.06, -1.18253
3937.03, -1.18078
3937.99, -1.17877
3938.96, -1.17975
3939.92, -1.18382
3940.88, -1.18386
3941.85, -1.1797
3942.81, -1.17636
3943.78, -1.17913
3944.74, -1.18178
3945.71, -1.18086
3946.67, -1.18015
3947.63, -1.18161
3948.6, -1.18251
3949.56, -1.18389
3950.53, -1.1863
3951.49, -1.18583
3952.46, -1.18359
3953.42, -1.18349
3954.38, -1.18319
3955.35, -1.18253
3956.31, -1.18147
3957.28, -1.17957
3958.24, -1.18136
3959.21, -1.18205
3960.17, -1.18039
3961.13, -1.17894
3962.1, -1.17725
3963.06, -1.17816
3964.03, -1.18051
3964.99, -1.18061
3965.96, -1.18163
3966.92, -1.18517
3967.88, -1.18619
3968.85, -1.18054
3969.81, -1.17743
3970.78, -1.18081
3971.74, -1.18233
3972.71, -1.18102
3973.67, -1.17991
3974.63, -1.18045
3975.6, -1.17991
3976.56, -1.18028
3977.53, -1.18267
3978.49, -1.18193
3979.45, -1.17981
3980.42, -1.17963
3981.38, -1.17924
3982.35, -1.17946
3983.31, -1.1833
3984.28, -1.18442
3985.24, -1.18085
3986.2, -1.17824
3987.17, -1.1798
3988.13, -1.17941
3989.1, -1.17774
3990.06, -1.1774
3991.03, -1.17609
3991.99, -1.17445
3992.95, -1.17608
3993.92, -1.17803
3994.88, -1.18066
3995.85, -1.18057
3996.81, -1.17929
3997.78, -1.17966
3998.74, -1.17961
3999.7, -1.17802
4000.67, -.117
